id,listing,listing_id,name,email,phone,message,contact_date,user_id
1,Fortune Estate,7, ,a@g.com,,,2025-03-14 09:17:49.810291+00:00,1
2,Fortune Estate,7,sfsfs,sdfsf@e.com,,,2025-03-14 09:34:38.330691+00:00,0
3,ABC Building,5,Tai Man Chan,tmchan@a.com,,,2025-03-15 05:23:27.555363+00:00,3
4,Fortune Estate,7,Tai Man Chan,tmchan2@a.com,33333333,try again,2025-03-15 06:30:22.780037+00:00,3
5,Fat Fat Fa Yuen,3,Tai Man Chan,tmchan@a.com,,,2025-03-19 02:46:57.933516+00:00,3
6,Lion Rock,1,Tai Man Chan,tmchan@a.com,,,2025-03-19 03:14:48.990520+00:00,3
7,Sky Tower,9,Tai Man Chan,tmchan@a.com,,safsfs,2025-03-20 13:46:21.868544+00:00,3
8,Fortune Estate,7, ,a@g.com,,,2025-03-20 12:46:21.868544+00:00,1
9,Fortune Estate,7,sfsfs,sdfsf@e.com,,,2025-03-20 11:46:21.868544+00:00,0
10,ABC Building,5,a,tmchan@a.com,,fwfw,2025-03-20 10:46:21.868544+00:00,0
11,Fortune Estate,7,b,tmchan2@a.com,33333333,sfsf,2025-03-20 09:46:21.868544+00:00,0
12,Fat Fat Fa Yuen,3,d,tmchan@a.com,,sdfs,2025-03-20 08:46:21.868544+00:00,0
13,Lion Rock,1,c,tmchan@a.com,,ee,2025-03-20 07:46:21.868544+00:00,0
14,Sky Tower,9,e,tmchan@a.com,,ee,2025-03-20 06:46:21.868544+00:00,0
